estado,puntuacion,tirar,plantarse,c_tirar,c_plantarse
0,0,0,0,1,1
0,50,19100,500,410,11
0,100,1100,46100,14,462
0,150,1800,88050,15,588
0,200,3400,117800,22,590
0,250,77000,66000,349,265
0,300,5100,178800,19,597
0,350,391150,213500,649,611
0,400,4533000,137200,5779,344
0,450,6773150,168300,8184,375
0,500,5780250,102500,6562,206
0,550,3493650,95150,3967,174
0,600,3494100,204000,3808,341
0,650,3022100,143000,3079,221
0,700,2271850,370300,2230,530
0,750,1951600,201750,1839,270
0,800,4824200,86400,4270,109
0,850,3615750,63750,3134,76
0,900,1718800,201600,1461,225
0,950,443950,9500,459,11
0,1000,545100,365000,457,366
0,1050,69400,404250,69,386
0,1100,22250,866800,21,789
0,1150,1087250,23000,828,21
0,1200,2886100,69600,1978,59
0,1250,2139600,45000,1448,37
0,1300,896850,494000,620,381
0,1350,562000,12150,418,10
0,1400,1259200,19600,834,15
0,1450,590350,18850,410,14
0,1500,74065450,3994500,40401,2664
0,1550,1550,227850,2,148
0,1600,972950,14400,544,10
0,1650,222900,6600,144,5
0,1700,10800,224400,7,133
0,1750,232850,7000,135,5
0,1800,190450,61200,101,35
0,1850,263600,11100,150,7
0,1900,474200,305900,237,162
0,1950,28200,980850,15,504
0,2000,997800,28000,477,15
0,2050,40300,608850,24,298
0,2100,161850,592200,72,283
0,2150,18500,563300,12,263
0,2200,509600,13200,246,7
0,2250,12750,364500,6,163
0,2300,767750,25300,350,12
0,2350,626450,23500,271,11
0,2400,4950,393600,3,165
0,2450,283950,9800,123,5
0,2500,10000,272500,6,110
0,2550,2550,242250,2,96
0,2600,254050,10400,116,5
0,2650,315700,13250,129,6
0,2700,11650,459000,5,171
0,2750,8250,401500,4,147
0,2800,18400,296800,8,107
0,2850,5700,310650,4,110
0,2900,397100,17400,150,7
0,2950,2950,262550,4,90
0,3000,1021500,37968000,353,12657
0,3050,0,54900,1,19
0,3100,0,111600,1,37
0,3150,3450,22050,2,8
0,3200,65300,0,22,1
0,3250,33250,0,11,1
0,3300,27050,3300,9,2
0,3350,3350,53600,2,17
0,3400,225200,3400,75,2
0,3450,12400,224250,4,66
0,3500,0,262500,1,76
0,3550,136450,3550,44,2
0,3600,142950,0,44,1
0,3650,3750,142350,2,40
0,3700,0,148000,1,41
0,3750,13450,48750,5,14
0,3800,167450,3800,49,2
0,3850,176550,0,46,1
0,3900,9300,97500,3,26
0,3950,0,27650,1,8
0,4000,30150,0,9,1
0,4050,0,28350,1,8
0,4100,37600,0,10,1
0,4150,41050,0,21,1
0,4200,101500,0,29,1
0,4250,4250,102000,2,25
0,4300,0,34400,1,9
0,4350,17400,0,6,1
0,4400,23100,0,7,1
0,4450,0,22250,1,6
0,4500,14600,1939500,6,432
0,4550,0,0,1,1
0,4600,0,32200,1,8
0,4650,0,0,1,1
0,4700,0,4700,1,2
0,4750,0,0,1,1
0,4800,0,9600,1,3
0,4850,0,0,2,1
0,4900,0,29400,1,7
0,4950,16600,4950,4,2
0,5000,0,15000,1,4
0,5050,0,15150,1,4
0,5100,0,20400,1,5
0,5150,0,0,2,1
0,5200,0,15600,1,4
0,5250,5250,0,2,1
0,5300,0,31800,2,7
0,5350,0,32100,1,7
0,5400,0,5400,1,2
0,5450,0,0,1,1
0,5500,0,0,1,1
0,5550,11100,0,4,1
0,5600,0,11200,1,3
0,5650,12100,0,3,1
0,5700,0,0,1,1
0,5750,0,0,1,1
0,5800,0,11600,1,3
0,5850,5850,0,3,1
0,5900,0,17700,1,4
0,5950,5950,0,2,1
0,6000,0,30000,1,6
0,6050,0,0,1,1
0,6100,6100,0,2,1
0,6150,0,0,1,1
0,6200,12400,0,3,1
0,6250,0,0,1,1
0,6300,6300,0,3,1
0,6350,0,0,1,1
0,6400,12950,0,3,1
0,6450,0,6450,1,2
0,6500,0,0,1,1
0,6550,8750,0,2,1
0,6600,6600,0,3,1
0,6650,0,0,1,1
0,6700,6700,0,2,1
0,6750,0,13500,1,3
0,6800,0,6800,1,2
0,6850,0,0,1,1
0,6900,0,0,1,1
0,6950,0,0,1,1
0,7000,0,14000,1,3
0,7050,7050,0,2,1
0,7100,0,7100,1,2
0,7150,7150,0,2,1
0,7200,0,0,1,1
0,7250,0,14500,1,3
0,7300,0,0,1,1
0,7350,0,0,1,1
0,7400,0,7400,1,2
0,7450,0,0,1,1
0,7500,0,7500,1,2
0,7550,0,7550,1,2
0,7600,7600,0,2,1
0,7650,0,0,1,1
0,7700,0,7700,1,2
0,7750,0,0,1,1
0,7800,0,0,1,1
0,7850,0,0,1,1
0,7900,15800,0,3,1
0,7950,0,0,1,1
0,8000,0,8000,1,2
0,8050,8750,0,2,1
0,8100,0,0,1,1
0,8150,0,16300,1,3
0,8200,0,0,1,1
0,8250,0,0,1,1
0,8300,0,0,1,1
0,8350,8350,0,2,1
0,8400,0,0,1,1
0,8450,0,0,1,1
0,8500,0,8500,1,2
0,8550,0,17100,1,3
0,8600,0,0,1,1
0,8650,0,0,1,1
0,8700,0,0,1,1
0,8750,0,0,1,1
0,8800,0,0,1,1
0,8850,0,0,2,1
0,8900,0,8900,1,2
0,8950,0,17900,1,3
0,9000,0,9000,1,2
0,9050,0,0,1,1
0,9100,0,27300,1,4
0,9150,0,0,1,1
0,9200,0,0,1,1
0,9250,0,9250,1,2
0,9300,0,0,1,1
0,9350,0,0,1,1
0,9400,0,18800,1,3
0,9450,0,9450,1,2
0,9500,0,0,1,1
0,9550,19100,0,3,1
0,9600,0,0,1,1
0,9650,0,0,1,1
0,9700,0,48500,1,6
0,9750,0,9750,1,2
0,9800,0,0,1,1
0,9850,0,0,1,1
0,9900,0,0,1,1
0,9950,0,0,1,1
0,10000,10000,120000,2,13
1,0,0,0,1,1
1,50,350,25300,17,507
1,100,3400,50900,100,510
1,150,1350,174150,31,1162
1,200,1400,217600,26,1089
1,250,6750,504750,66,2020
1,300,90750,5300100,433,17668
1,350,272500,14891100,1065,42547
1,400,313950,16677200,1064,41694
1,450,163300,10132650,638,22518
1,500,87950,5702500,316,11406
1,550,75550,6037900,267,10979
1,600,60800,3961800,212,6604
1,650,46400,3527550,151,5428
1,700,95250,8035300,262,11480
1,750,102450,7987500,274,10651
1,800,46300,4200800,138,5252
1,850,4100,387600,12,457
1,900,1050,366300,12,408
1,950,2900,418950,7,442
1,1000,6400,429000,22,430
1,1050,1050,393750,10,376
1,1100,76550,7167600,175,6517
1,1150,72800,6172050,129,5368
1,1200,15250,2036400,34,1698
1,1250,0,411250,8,330
1,1300,42850,202800,79,157
1,1350,11100,307800,19,229
1,1400,0,238000,5,171
1,1450,3100,166750,5,116
1,1500,12750,282000,23,189
1,1550,1750,305350,6,198
1,1600,0,326400,4,205
1,1650,0,275550,6,168
1,1700,6550,163200,8,97
1,1750,2550,176750,3,102
1,1800,9850,466200,8,260
1,1850,7750,777000,15,421
1,1900,12400,883500,17,466
1,1950,11050,817050,15,420
1,2000,4050,854000,10,428
1,2050,14900,869200,30,425
1,2100,4450,564900,12,270
1,2150,0,318200,9,149
1,2200,19000,816200,29,372
1,2250,5500,816750,11,364
1,2300,10500,524400,10,229
1,2350,2350,119850,3,52
1,2400,0,100800,1,43
1,2450,0,44100,1,19
1,2500,18700,0,14,1
1,2550,3000,25500,6,11
1,2600,0,540800,5,209
1,2650,0,365700,5,139
1,2700,5500,108000,4,41
1,2750,0,35750,2,14
1,2800,0,16800,1,7
1,2850,0,19950,2,8
1,2900,23750,0,16,1
1,2950,6100,2950,7,2
1,3000,0,9000,2,4
1,3050,0,15250,1,6
1,3100,0,21700,1,8
1,3150,7400,0,4,1
1,3200,0,22400,1,8
1,3250,0,9750,1,4
1,3300,0,16500,1,6
1,3350,0,20100,2,7
1,3400,0,57800,1,18
1,3450,0,34500,1,11
1,3500,0,28000,1,9
1,3550,14750,0,7,1
1,3600,0,14400,1,5
1,3650,0,3650,1,2
1,3700,0,7400,2,3
1,3750,0,41250,2,12
1,3800,0,11400,1,4
1,3850,0,15400,1,5
1,3900,0,3900,2,2
1,3950,0,7900,2,3
1,4000,0,0,3,1
1,4050,0,8100,1,3
1,4100,0,24600,1,7
1,4150,9000,0,8,1
1,4200,0,33600,1,9
1,4250,0,12750,1,4
1,4300,0,17200,1,5
1,4350,0,21750,1,6
1,4400,0,4400,1,2
1,4450,0,0,1,1
1,4500,0,0,1,1
1,4550,0,13650,1,4
1,4600,0,4600,1,2
1,4650,0,0,2,1
1,4700,0,4700,1,2
1,4750,0,4750,1,2
1,4800,0,0,1,1
1,4850,0,9700,2,3
1,4900,0,0,1,1
1,4950,4950,0,2,1
1,5000,0,5000,1,2
1,5050,0,0,1,1
1,5100,0,0,1,1
1,5150,0,0,1,1
1,5200,0,0,1,1
1,5250,0,0,1,1
1,5300,0,0,1,1
1,5350,0,0,2,1
1,5400,0,0,1,1
1,5450,0,0,1,1
1,5500,0,5500,1,2
1,5550,6150,0,3,1
1,5600,0,0,1,1
1,5650,0,0,2,1
1,5700,0,0,1,1
1,5750,0,0,1,1
1,5800,0,0,1,1
1,5850,0,0,1,1
1,5900,0,0,1,1
1,5950,0,0,1,1
1,6000,0,0,1,1
1,6050,0,0,1,1
1,6100,0,0,1,1
1,6150,0,6150,1,2
1,6200,0,0,1,1
1,6250,0,0,1,1
1,6300,0,0,1,1
1,6350,0,0,1,1
1,6400,0,0,1,1
1,6450,0,0,1,1
1,6500,0,0,1,1
1,6550,0,0,1,1
1,6600,0,0,1,1
1,6650,0,0,1,1
1,6700,0,6700,1,2
1,6750,0,0,1,1
1,6800,0,0,1,1
1,6850,0,0,1,1
1,6900,0,0,1,1
1,6950,0,0,1,1
1,7000,0,0,1,1
1,7050,0,0,1,1
1,7100,0,0,1,1
1,7150,0,0,1,1
1,7200,0,0,1,1
1,7250,0,0,1,1
1,7300,0,0,1,1
1,7350,0,0,1,1
1,7400,0,0,1,1
1,7450,0,0,1,1
1,7500,0,0,1,1
1,7550,0,0,1,1
1,7600,0,0,1,1
1,7650,0,0,1,1
1,7700,0,0,1,1
1,7750,0,0,1,1
1,7800,0,0,1,1
1,7850,0,0,1,1
1,7900,0,7900,1,2
1,7950,0,0,1,1
1,8000,0,0,1,1
1,8050,0,0,1,1
1,8100,0,0,1,1
1,8150,0,0,1,1
1,8200,0,0,1,1
1,8250,0,0,1,1
1,8300,0,0,1,1
1,8350,0,0,1,1
1,8400,0,0,1,1
1,8450,0,0,1,1
1,8500,0,0,1,1
1,8550,0,0,1,1
1,8600,0,0,1,1
1,8650,0,0,1,1
1,8700,0,0,1,1
1,8750,0,0,1,1
1,8800,0,0,1,1
1,8850,0,0,1,1
1,8900,0,0,1,1
1,8950,0,0,1,1
1,9000,0,0,1,1
1,9050,0,0,1,1
1,9100,0,0,1,1
1,9150,0,0,1,1
1,9200,0,0,1,1
1,9250,0,0,1,1
1,9300,0,0,1,1
1,9350,0,0,1,1
1,9400,0,0,1,1
1,9450,0,0,1,1
1,9500,0,0,1,1
1,9550,9550,0,2,1
1,9600,0,0,1,1
1,9650,0,0,1,1
1,9700,0,0,1,1
1,9750,0,0,1,1
1,9800,0,0,1,1
1,9850,0,0,1,1
1,9900,0,0,1,1
1,9950,0,0,1,1
1,10000,0,0,1,1
2,0,0,0,1,1
2,50,750,46400,30,929
2,100,2000,126700,38,1268
2,150,6000,336450,63,2244
2,200,46000,2062600,268,10314
2,250,440950,18268250,1945,73074
2,300,864400,39740700,3393,132470
2,350,513600,24378550,1827,69654
2,400,191850,9287200,620,23219
2,450,113550,6636150,364,14748
2,500,139950,7328500,398,14658
2,550,53250,3194400,151,5809
2,600,228300,12832800,585,21389
2,650,169350,9361950,392,14404
2,700,210600,10305400,466,14723
2,750,26000,828750,60,1106
2,800,59800,774400,130,969
2,850,9850,780300,27,919
2,900,8800,850500,17,946
2,950,28550,785650,56,828
2,1000,8700,822000,26,823
2,1050,423900,21913500,630,20871
2,1100,104950,6338200,161,5763
2,1150,15450,754400,21,657
2,1200,9050,658800,22,550
2,1250,54500,410000,95,329
2,1300,5500,417300,7,322
2,1350,2800,321300,5,239
2,1400,8650,399000,9,286
2,1450,8150,565500,10,391
2,1500,9350,808500,17,540
2,1550,52950,514600,50,333
2,1600,12050,414400,11,260
2,1650,5100,328350,9,200
2,1700,12850,392700,13,232
2,1750,25900,1249500,23,715
2,1800,25200,3182400,31,1769
2,1850,13850,1578050,16,854
2,1900,21750,1474400,24,777
2,1950,115550,1023750,99,526
2,2000,167450,934000,131,468
2,2050,129450,131200,117,65
2,2100,26000,1751400,23,835
2,2150,14450,1064250,15,496
2,2200,133700,1045000,116,476
2,2250,7050,126000,6,57
2,2300,158200,2300,103,2
2,2350,0,145700,2,63
2,2400,0,57600,2,25
2,2450,0,151900,1,63
2,2500,2600,72500,3,30
2,2550,23750,1797750,18,706
2,2600,5300,634400,6,245
2,2650,0,196100,1,75
2,2700,0,91800,1,35
2,2750,0,22000,1,9
2,2800,0,28000,2,11
2,2850,18050,0,12,1
2,2900,5800,113100,4,40
2,2950,0,44250,2,16
2,3000,0,33000,1,12
2,3050,0,42700,1,15
2,3100,3100,6200,2,3
2,3150,0,3150,1,2
2,3200,6400,0,9,1
2,3250,23350,0,11,1
2,3300,0,89100,1,28
2,3350,0,46900,3,15
2,3400,31450,0,23,1
2,3450,0,27600,1,9
2,3500,0,28000,1,9
2,3550,0,10650,2,4
2,3600,0,54000,2,16
2,3650,0,43800,1,13
2,3700,23200,0,8,1
2,3750,0,7500,1,3
2,3800,0,11400,1,4
2,3850,0,26950,3,8
2,3900,0,15600,1,5
2,3950,0,11850,1,4
2,4000,0,4000,2,2
2,4050,21550,0,13,1
2,4100,0,28700,1,8
2,4150,0,24900,2,7
2,4200,16900,0,6,1
2,4250,13150,0,6,1
2,4300,0,4300,1,2
2,4350,0,21750,1,6
2,4400,0,26400,1,7
2,4450,4600,0,3,1
2,4500,4550,0,5,1
2,4550,0,13650,1,4
2,4600,4700,0,2,1
2,4650,0,9300,1,3
2,4700,0,4700,1,2
2,4750,0,0,1,1
2,4800,0,9600,1,3
2,4850,0,9700,2,3
2,4900,10050,0,4,1
2,4950,0,0,1,1
2,5000,0,0,1,1
2,5050,0,0,1,1
2,5100,0,0,1,1
2,5150,0,0,1,1
2,5200,0,0,2,1
2,5250,0,5250,1,2
2,5300,0,0,1,1
2,5350,0,0,1,1
2,5400,0,0,1,1
2,5450,0,0,1,1
2,5500,0,0,1,1
2,5550,0,0,2,1
2,5600,0,0,1,1
2,5650,0,0,1,1
2,5700,0,0,1,1
2,5750,0,0,1,1
2,5800,0,0,1,1
2,5850,0,5850,1,2
2,5900,0,0,1,1
2,5950,0,11900,1,3
2,6000,0,0,1,1
2,6050,0,0,1,1
2,6100,0,0,1,1
2,6150,0,0,1,1
2,6200,0,0,1,1
2,6250,0,0,1,1
2,6300,0,0,2,1
2,6350,0,0,1,1
2,6400,0,0,1,1
2,6450,0,0,1,1
2,6500,0,0,1,1
2,6550,0,0,1,1
2,6600,0,0,1,1
2,6650,0,0,1,1
2,6700,0,0,1,1
2,6750,0,0,1,1
2,6800,0,0,1,1
2,6850,0,0,1,1
2,6900,0,0,1,1
2,6950,0,0,1,1
2,7000,0,0,1,1
2,7050,0,0,1,1
2,7100,0,0,1,1
2,7150,0,0,1,1
2,7200,0,0,1,1
2,7250,0,0,1,1
2,7300,0,0,1,1
2,7350,0,0,1,1
2,7400,0,0,1,1
2,7450,0,0,1,1
2,7500,0,0,1,1
2,7550,0,0,1,1
2,7600,0,0,1,1
2,7650,0,0,1,1
2,7700,0,0,1,1
2,7750,0,0,1,1
2,7800,0,0,1,1
2,7850,0,0,1,1
2,7900,7900,0,2,1
2,7950,0,0,1,1
2,8000,0,0,1,1
2,8050,0,0,1,1
2,8100,0,0,1,1
2,8150,0,0,1,1
2,8200,0,0,1,1
2,8250,0,0,1,1
2,8300,0,0,1,1
2,8350,0,8350,1,2
2,8400,0,0,1,1
2,8450,0,0,1,1
2,8500,0,0,1,1
2,8550,0,0,1,1
2,8600,0,0,1,1
2,8650,0,0,1,1
2,8700,0,0,1,1
2,8750,0,8750,1,2
2,8800,0,0,1,1
2,8850,0,0,1,1
2,8900,0,0,1,1
2,8950,0,0,1,1
2,9000,0,0,1,1
2,9050,0,0,1,1
2,9100,0,0,1,1
2,9150,0,0,1,1
2,9200,0,0,1,1
2,9250,0,0,1,1
2,9300,0,0,1,1
2,9350,0,0,1,1
2,9400,0,0,1,1
2,9450,0,0,1,1
2,9500,0,0,1,1
2,9550,0,0,1,1
2,9600,0,0,1,1
2,9650,0,0,1,1
2,9700,0,0,1,1
2,9750,0,0,1,1
2,9800,0,0,1,1
2,9850,0,0,1,1
2,9900,0,0,1,1
2,9950,0,0,1,1
2,10000,0,0,1,1
3,0,0,0,1,1
3,50,1100,64750,33,1296
3,100,3600,174400,52,1745
3,150,3777900,69150,18812,462
3,200,34524800,1250400,138851,6253
3,250,36521850,820000,128406,3281
3,300,6419850,3051300,20097,10172
3,350,3150,163100,18,467
3,400,202100,4932400,536,12332
3,450,4500,234450,15,522
3,500,291800,12482000,622,24965
3,550,3500,301400,16,549
3,600,180700,7791600,336,12987
3,650,35250,1310400,62,2017
3,700,27650,1445500,47,2066
3,750,99700,926250,177,1236
3,800,19200,1096800,35,1372
3,850,22500,1003850,39,1182
3,900,100300,870300,149,968
3,950,21350,861650,27,908
3,1000,500950,24347000,629,24348
3,1050,80900,762300,91,727
3,1100,19200,639100,21,582
3,1150,10700,470350,14,410
3,1200,85700,217200,112,182
3,1250,6300,308750,9,248
3,1300,5450,252200,7,195
3,1350,58850,280800,60,209
3,1400,16550,785400,15,562
3,1450,10850,825050,14,570
3,1500,13100,699000,12,467
3,1550,4950,331700,9,215
3,1600,43650,398400,41,250
3,1650,12000,592350,12,360
3,1700,124000,6732000,102,3961
3,1750,114350,5904500,83,3375
3,1800,28100,1342800,23,747
3,1850,68850,186850,57,102
3,1900,16250,969000,15,511
3,1950,27550,0,18,1
3,2000,48400,2156000,39,1079
3,2050,8200,41000,8,21
3,2100,19800,1064700,14,508
3,2150,0,83850,3,40
3,2200,18200,294800,16,135
3,2250,4600,159750,4,72
3,2300,44150,71300,35,32
3,2350,2350,148050,2,64
3,2400,67950,4800,39,3
3,2450,0,142100,1,59
3,2500,17950,2420000,15,969
3,2550,108700,2550,50,2
3,2600,148050,0,77,1
3,2650,2650,95400,3,37
3,2700,2850,16200,3,7
3,2750,11650,0,5,1
3,2800,0,39200,2,15
3,2850,0,19950,2,8
3,2900,5950,127600,5,45
3,2950,3600,0,4,1
3,3000,0,15000,1,6
3,3050,0,15250,2,6
3,3100,3100,27900,2,10
3,3150,0,22050,1,8
3,3200,0,137600,2,44
3,3250,16800,61750,11,20
3,3300,0,46200,1,15
3,3350,0,10050,1,4
3,3400,35700,0,18,1
3,3450,3450,0,3,1
3,3500,26750,0,10,1
3,3550,10900,3550,5,2
3,3600,26250,0,11,1
3,3650,0,25550,2,8
3,3700,7650,0,3,1
3,3750,0,11250,1,4
3,3800,23150,0,9,1
3,3850,0,11550,1,4
3,3900,0,11700,2,4
3,3950,4100,0,2,1
3,4000,33950,4000,16,2
3,4050,0,28350,1,8
3,4100,0,24600,1,7
3,4150,16900,0,7,1
3,4200,0,21000,1,6
3,4250,4350,0,2,1
3,4300,0,8600,1,3
3,4350,0,8700,1,3
3,4400,0,30800,1,8
3,4450,0,13350,1,4
3,4500,0,4500,1,2
3,4550,0,0,1,1
3,4600,0,13800,1,4
3,4650,0,4650,1,2
3,4700,0,4700,1,2
3,4750,0,0,1,1
3,4800,0,9600,1,3
3,4850,0,0,1,1
3,4900,0,0,1,1
3,4950,0,0,1,1
3,5000,0,0,1,1
3,5050,0,0,1,1
3,5100,0,0,1,1
3,5150,0,0,2,1
3,5200,0,0,1,1
3,5250,0,0,1,1
3,5300,0,0,1,1
3,5350,0,0,1,1
3,5400,0,0,1,1
3,5450,0,0,1,1
3,5500,0,0,1,1
3,5550,0,5550,1,2
3,5600,0,0,1,1
3,5650,0,0,1,1
3,5700,0,0,1,1
3,5750,0,0,1,1
3,5800,0,0,1,1
3,5850,5950,0,2,1
3,5900,0,0,1,1
3,5950,0,0,1,1
3,6000,0,0,1,1
3,6050,0,0,1,1
3,6100,0,0,1,1
3,6150,0,0,1,1
3,6200,0,0,1,1
3,6250,0,0,1,1
3,6300,0,6300,1,2
3,6350,0,0,1,1
3,6400,0,0,1,1
3,6450,0,0,1,1
3,6500,0,0,1,1
3,6550,0,0,1,1
3,6600,0,0,1,1
3,6650,0,0,1,1
3,6700,0,0,1,1
3,6750,0,0,1,1
3,6800,0,0,1,1
3,6850,0,0,2,1
3,6900,0,0,1,1
3,6950,0,0,1,1
3,7000,0,0,1,1
3,7050,0,0,1,1
3,7100,0,0,1,1
3,7150,0,7150,1,2
3,7200,0,0,1,1
3,7250,0,0,1,1
3,7300,0,0,1,1
3,7350,0,0,1,1
3,7400,0,0,1,1
3,7450,0,0,1,1
3,7500,0,0,1,1
3,7550,0,0,1,1
3,7600,0,0,1,1
3,7650,0,0,1,1
3,7700,0,0,1,1
3,7750,0,0,1,1
3,7800,0,0,1,1
3,7850,0,0,1,1
3,7900,0,7900,1,2
3,7950,0,0,1,1
3,8000,0,0,1,1
3,8050,0,0,1,1
3,8100,0,0,1,1
3,8150,0,0,1,1
3,8200,0,0,1,1
3,8250,0,0,1,1
3,8300,0,0,1,1
3,8350,0,0,1,1
3,8400,0,0,1,1
3,8450,0,0,1,1
3,8500,0,0,1,1
3,8550,0,0,1,1
3,8600,0,0,1,1
3,8650,0,0,1,1
3,8700,0,0,1,1
3,8750,0,0,1,1
3,8800,0,0,1,1
3,8850,0,0,2,1
3,8900,0,0,1,1
3,8950,0,0,1,1
3,9000,0,0,1,1
3,9050,0,0,1,1
3,9100,0,0,1,1
3,9150,0,0,1,1
3,9200,0,0,1,1
3,9250,0,0,1,1
3,9300,0,0,1,1
3,9350,0,0,1,1
3,9400,0,0,1,1
3,9450,0,0,1,1
3,9500,0,0,1,1
3,9550,9550,9550,2,2
3,9600,0,0,1,1
3,9650,0,0,1,1
3,9700,0,0,1,1
3,9750,0,0,1,1
3,9800,0,0,1,1
3,9850,0,0,1,1
3,9900,0,0,1,1
3,9950,0,0,1,1
3,10000,0,0,1,1
4,0,0,0,1,1
4,50,1200,59600,31,1193
4,100,16173200,173900,64307,1740
4,150,39130050,534000,134239,3561
4,200,20483400,420600,62592,2104
4,250,500,23250,3,94
4,300,0,900,1,4
4,350,700,28350,3,82
4,400,2000,53600,8,135
4,450,69450,1350,164,4
4,500,277600,6500,527,14
4,550,680750,81950,1169,150
4,600,1147150,21000,1787,36
4,650,23200,1054300,37,1623
4,700,722450,18900,1025,28
4,750,619850,12750,793,18
4,800,545200,8000,693,11
4,850,394500,75650,492,90
4,900,26050,541800,29,603
4,950,15800,787550,21,830
4,1000,12100,579000,17,580
4,1050,314450,10500,324,11
4,1100,3650,70400,5,65
4,1150,4700,144900,6,127
4,1200,12050,84000,21,71
4,1250,2600,125000,8,101
4,1300,227900,6500,194,6
4,1350,2950,494100,3,367
4,1400,367250,11200,286,9
4,1450,3000,250850,4,174
4,1500,193750,4500,163,4
4,1550,156050,3100,117,3
4,1600,694900,2944000,484,1841
4,1650,195800,7723650,125,4682
4,1700,76500,3758700,57,2212
4,1750,5800,119000,4,69
4,1800,0,79200,1,45
4,1850,0,59200,1,33
4,1900,1900,41800,3,23
4,1950,0,13650,1,8
4,2000,59300,4000,39,3
4,2050,41550,0,26,1
4,2100,23200,58800,18,29
4,2150,2150,101050,3,48
4,2200,2200,121000,3,56
4,2250,0,18000,1,9
4,2300,0,112700,1,50
4,2350,81150,4700,45,3
4,2400,5450,52800,3,23
4,2450,143800,2450,68,2
4,2500,65150,2500,36,2
4,2550,0,22950,1,10
4,2600,57550,2600,31,2
4,2650,2650,66250,2,26
4,2700,0,5400,1,3
4,2750,9450,0,5,1
4,2800,9100,0,6,1
4,2850,0,8550,1,4
4,2900,31900,0,16,1
4,2950,2950,0,3,1
4,3000,12350,0,7,1
4,3050,6550,0,4,1
4,3100,33500,0,13,1
4,3150,98550,3150,45,2
4,3200,3450,96000,2,31
4,3250,0,3250,1,2
4,3300,0,3300,1,2
4,3350,0,0,1,1
4,3400,10200,0,6,1
4,3450,0,0,1,1
4,3500,3650,3500,2,2
4,3550,29500,3550,9,2
4,3600,14600,0,7,1
4,3650,0,7300,1,3
4,3700,0,22200,1,7
4,3750,0,30000,1,9
4,3800,0,15200,1,5
4,3850,11550,0,4,1
4,3900,0,3900,1,2
4,3950,0,27650,1,8
4,4000,0,48000,1,13
4,4050,0,0,1,1
4,4100,0,4100,1,2
4,4150,4150,0,3,1
4,4200,0,8400,1,3
4,4250,0,0,1,1
4,4300,0,8600,1,3
4,4350,22500,0,10,1
4,4400,0,4400,1,2
4,4450,0,0,1,1
4,4500,0,0,1,1
4,4550,0,0,1,1
4,4600,0,0,1,1
4,4650,4850,0,3,1
4,4700,0,0,2,1
4,4750,0,0,1,1
4,4800,0,0,1,1
4,4850,0,0,2,1
4,4900,0,0,1,1
4,4950,0,0,1,1
4,5000,0,0,1,1
4,5050,0,0,1,1
4,5100,0,0,1,1
4,5150,0,0,1,1
4,5200,0,0,1,1
4,5250,0,0,1,1
4,5300,0,0,1,1
4,5350,0,0,1,1
4,5400,0,0,1,1
4,5450,0,0,1,1
4,5500,0,0,1,1
4,5550,0,0,1,1
4,5600,0,0,1,1
4,5650,0,0,1,1
4,5700,0,0,1,1
4,5750,0,0,1,1
4,5800,0,0,1,1
4,5850,0,0,1,1
4,5900,0,0,1,1
4,5950,0,0,1,1
4,6000,0,0,1,1
4,6050,0,0,1,1
4,6100,0,6100,1,2
4,6150,0,0,1,1
4,6200,0,6200,1,2
4,6250,0,0,1,1
4,6300,0,0,1,1
4,6350,0,0,1,1
4,6400,0,6400,1,2
4,6450,0,0,1,1
4,6500,0,0,1,1
4,6550,0,6550,1,2
4,6600,0,0,1,1
4,6650,0,0,1,1
4,6700,0,0,1,1
4,6750,0,0,1,1
4,6800,0,0,1,1
4,6850,0,0,1,1
4,6900,0,0,1,1
4,6950,0,0,1,1
4,7000,0,0,1,1
4,7050,0,7050,1,2
4,7100,0,0,1,1
4,7150,0,0,1,1
4,7200,0,0,1,1
4,7250,0,0,1,1
4,7300,0,0,1,1
4,7350,0,0,1,1
4,7400,0,0,1,1
4,7450,0,0,1,1
4,7500,0,0,1,1
4,7550,0,0,1,1
4,7600,0,7600,1,2
4,7650,0,0,1,1
4,7700,0,0,1,1
4,7750,0,0,1,1
4,7800,0,0,1,1
4,7850,0,0,1,1
4,7900,7900,0,2,1
4,7950,0,0,1,1
4,8000,0,0,1,1
4,8050,0,0,1,1
4,8100,0,0,1,1
4,8150,0,0,1,1
4,8200,0,0,1,1
4,8250,0,0,1,1
4,8300,0,0,1,1
4,8350,0,0,1,1
4,8400,0,0,1,1
4,8450,0,0,1,1
4,8500,0,0,1,1
4,8550,0,0,1,1
4,8600,0,0,1,1
4,8650,0,0,1,1
4,8700,0,0,1,1
4,8750,0,0,1,1
4,8800,0,0,1,1
4,8850,0,0,2,1
4,8900,0,0,1,1
4,8950,0,0,1,1
4,9000,0,0,1,1
4,9050,0,0,1,1
4,9100,0,0,1,1
4,9150,0,0,1,1
4,9200,0,0,1,1
4,9250,0,0,1,1
4,9300,0,0,1,1
4,9350,0,0,1,1
4,9400,0,0,1,1
4,9450,0,0,1,1
4,9500,0,0,1,1
4,9550,0,0,1,1
4,9600,0,0,1,1
4,9650,0,0,1,1
4,9700,0,0,1,1
4,9750,0,0,1,1
4,9800,0,0,1,1
4,9850,0,0,1,1
4,9900,0,0,1,1
4,9950,0,0,1,1
4,10000,0,0,1,1
5,0,0,0,1,1
5,50,24123900,100100,76506,2003
5,100,27310900,199600,77170,1997
5,150,0,450,1,4
5,200,400,0,4,1
5,250,10000,500,47,3
5,300,0,900,1,4
5,350,11550,0,38,1
5,400,45100,1200,107,4
5,450,279600,1800,474,5
5,500,678850,31500,1032,64
5,550,728900,13200,1065,25
5,600,565500,11400,762,20
5,650,6950,401700,15,619
5,700,27850,346500,35,496
5,750,143400,171750,163,230
5,800,312050,4000,338,6
5,850,515450,13600,519,17
5,900,16350,498600,19,555
5,950,193550,185250,189,196
5,1000,3550,128000,4,129
5,1050,40150,1050,39,2
5,1100,1100,18700,4,18
5,1150,0,72450,1,64
5,1200,1200,92400,2,78
5,1250,281150,3750,209,4
5,1300,11950,308100,10,238
5,1350,3600,214650,3,160
5,1400,4900,121800,4,88
5,1450,1450,133400,3,93
5,1500,126200,1500,90,2
5,1550,121200,4659300,82,3007
5,1600,2563700,2392000,1542,1496
5,1650,73100,3300,47,3
5,1700,0,52700,1,32
5,1750,0,38500,1,23
5,1800,0,27000,1,16
5,1850,0,27750,2,16
5,1900,27400,0,16,1
5,1950,2650,29250,2,16
5,2000,2200,54000,2,28
5,2050,41550,0,23,1
5,2100,68000,0,35,1
5,2150,0,4300,1,3
5,2200,46650,0,26,1
5,2250,0,33750,1,16
5,2300,47750,2300,26,2
5,2350,52750,0,24,1
5,2400,80450,2400,37,2
5,2450,0,63700,1,27
5,2500,0,2500,1,2
5,2550,0,10200,1,5
5,2600,23400,0,15,1
5,2650,31800,5300,16,3
5,2700,0,5400,2,3
5,2750,0,11000,1,5
5,2800,2800,2800,2,2
5,2850,0,2850,1,2
5,2900,0,60900,1,22
5,2950,9100,0,5,1
5,3000,0,18000,1,7
5,3050,3350,88450,2,30
5,3100,6900,58900,3,20
5,3150,0,0,1,1
5,3200,0,16000,1,6
5,3250,0,9750,1,4
5,3300,3500,0,2,1
5,3350,3350,0,2,1
5,3400,0,6800,1,3
5,3450,22100,0,7,1
5,3500,0,28000,1,9
5,3550,3550,0,2,1
5,3600,0,18000,1,6
5,3650,8100,0,4,1
5,3700,11600,0,4,1
5,3750,0,0,1,1
5,3800,0,0,1,1
5,3850,20150,0,8,1
5,3900,0,19500,1,6
5,3950,0,3950,1,2
5,4000,0,4000,1,2
5,4050,0,0,1,1
5,4100,0,0,1,1
5,4150,4150,0,3,1
5,4200,0,4200,1,2
5,4250,0,0,3,1
5,4300,4450,0,3,1
5,4350,0,4350,1,2
5,4400,0,0,2,1
5,4450,0,0,1,1
5,4500,0,0,1,1
5,4550,0,0,1,1
5,4600,0,0,1,1
5,4650,0,0,1,1
5,4700,0,0,1,1
5,4750,0,0,1,1
5,4800,0,0,1,1
5,4850,0,0,1,1
5,4900,0,0,1,1
5,4950,0,0,1,1
5,5000,0,0,1,1
5,5050,0,0,1,1
5,5100,0,0,1,1
5,5150,0,0,1,1
5,5200,0,0,1,1
5,5250,0,0,1,1
5,5300,0,0,1,1
5,5350,0,0,1,1
5,5400,0,0,1,1
5,5450,0,0,1,1
5,5500,0,0,1,1
5,5550,0,5550,1,2
5,5600,0,0,1,1
5,5650,0,0,1,1
5,5700,0,0,1,1
5,5750,0,0,1,1
5,5800,0,0,1,1
5,5850,0,0,1,1
5,5900,0,0,1,1
5,5950,0,0,1,1
5,6000,0,0,1,1
5,6050,0,0,1,1
5,6100,0,0,1,1
5,6150,0,0,1,1
5,6200,0,6200,1,2
5,6250,0,0,1,1
5,6300,0,0,1,1
5,6350,0,0,1,1
5,6400,0,0,1,1
5,6450,0,0,1,1
5,6500,0,0,1,1
5,6550,0,0,1,1
5,6600,0,6600,1,2
5,6650,0,0,2,1
5,6700,0,0,1,1
5,6750,0,0,1,1
5,6800,0,0,1,1
5,6850,0,0,1,1
5,6900,0,0,1,1
5,6950,0,0,1,1
5,7000,0,0,1,1
5,7050,0,0,1,1
5,7100,0,0,1,1
5,7150,0,0,1,1
5,7200,0,0,1,1
5,7250,0,0,1,1
5,7300,0,0,1,1
5,7350,0,0,1,1
5,7400,0,0,1,1
5,7450,0,0,1,1
5,7500,0,0,1,1
5,7550,0,0,1,1
5,7600,0,0,1,1
5,7650,0,0,1,1
5,7700,0,0,1,1
5,7750,0,0,1,1
5,7800,0,0,1,1
5,7850,0,0,1,1
5,7900,0,0,1,1
5,7950,0,0,1,1
5,8000,0,0,1,1
5,8050,0,0,1,1
5,8100,0,0,1,1
5,8150,0,0,1,1
5,8200,0,0,1,1
5,8250,0,0,1,1
5,8300,0,0,1,1
5,8350,0,0,1,1
5,8400,0,0,1,1
5,8450,0,0,1,1
5,8500,0,0,1,1
5,8550,0,0,1,1
5,8600,0,0,1,1
5,8650,0,0,1,1
5,8700,0,0,1,1
5,8750,0,0,1,1
5,8800,0,0,1,1
5,8850,0,0,1,1
5,8900,0,0,1,1
5,8950,0,0,1,1
5,9000,0,0,1,1
5,9050,0,0,1,1
5,9100,0,0,1,1
5,9150,0,0,1,1
5,9200,0,0,1,1
5,9250,0,0,1,1
5,9300,0,0,1,1
5,9350,0,0,1,1
5,9400,0,0,1,1
5,9450,0,0,1,1
5,9500,0,0,1,1
5,9550,0,0,1,1
5,9600,0,0,1,1
5,9650,0,0,1,1
5,9700,0,0,1,1
5,9750,0,0,1,1
5,9800,0,0,1,1
5,9850,0,0,1,1
5,9900,0,0,1,1
5,9950,0,0,1,1
5,10000,0,0,1,1
